<?xml version="1.0" encoding="UTF-8"?>
<feature
      id="org.emftext.commons.jdt"
      label="EMFText JDT Integration"
      version="1.4.8.v201910170330"
      provider-name="DevBoost GmbH">

   <description url="http://www.emftext.org">
      EMFText JDT Integration Plug-in: Provides access to the JDT types and a metamodel that can be imported from DSLs that require references to Java classes.
   </description>

   <copyright>
      Copyright (c) 2006-2014 Software Technology Group, Dresden University of Technology, Germany; DevBoost GmbH, Dresden, Amtsgericht Dresden, HRB 34001.
   </copyright>

   <license>
      Eclipse Public License v1.0

Copyright (c) 2006-2014
Software Technology Group, Dresden University of Technology
DevBoost GmbH, Dresden, Amtsgericht Dresden, HRB 34001.

All rights reserved. This program and the accompanying materials are made available under the terms of the Eclipse Public License v1.0 which accompanies this distribution, and is available at http://www.eclipse.org/legal/epl-v10.html

Contributors:
  Software Technology Group - TU Dresden, Germany;
  DevBoost GmbH - Dresden, Germany
     - initial API and implementation
   </license>

   <requires>
      <import feature="org.eclipse.emf.ecore"/>
      <import feature="org.eclipse.emf.ecore.edit"/>
      <import feature="org.eclipse.emf.edit.ui"/>
      <import feature="org.eclipse.jdt"/>
   </requires>

   <plugin
         id="org.emftext.commons.jdt"
         download-size="0"
         install-size="0"
         version="1.4.8.v201910170330"
         unpack="false"/>

   <plugin
         id="org.emftext.commons.jdt.edit"
         download-size="0"
         install-size="0"
         version="1.4.8.v201910170330"
         unpack="false"/>

</feature>
