<?xml version="1.0" encoding="UTF-8" standalone="no"?>
<feature 
	id="org.emftext.access" 
	label="EMFText Access"
	provider-name="DevBoost GmbH"
	version="1.4.2.v201910170330">

   <description url="http://www.emftext.org">EMFText Access Plug-in: Provides access to DSL plug-ins generated by EMFText. Use this plug-in to create tools that work generically for all DSLs built with EMFText.</description>

   <copyright>Copyright (c) 2006-2014 Software Technology Group, Dresden University of Technology, Germany; DevBoost GmbH, Dresden, Amtsgericht Dresden, HRB 34001.</copyright>

   <license>Eclipse Public License v1.0

Copyright (c) 2006-2014
Software Technology Group, Dresden University of Technology
DevBoost GmbH, Dresden, Amtsgericht Dresden, HRB 34001.

All rights reserved. This program and the accompanying materials are made available under the terms of the Eclipse Public License v1.0 which accompanies this distribution, and is available at http://www.eclipse.org/legal/epl-v10.html

Contributors:
  Software Technology Group - TU Dresden, Germany;
  DevBoost GmbH - Dresden, Germany
     - initial API and implementation
 </license>
   
   <requires>
      <import feature="org.eclipse.platform"/>
      <import feature="org.eclipse.emf"/>
   </requires>

   <plugin download-size="0" id="org.emftext.access" install-size="0" unpack="false" version="1.4.2.v201910170330"/>

</feature>
