<?xml version="1.0" encoding="UTF-8" standalone="no"?>
	<feature id="org.emftext.commons.layout"
		label="EMFText Layout Model"
		provider-name="DevBoost GmbH"
		version="1.4.2.v201910170330">

	<description url="http://www.emftext.org">EMFText Layout Model Plug-in: Provides an Ecore model to hold layout information of a textual model.</description>

	<copyright>Copyright (c) 2006-2012 Software Technology Group, Dresden University of Technology, Germany; DevBoost GmbH, Dresden, Amtsgericht Dresden, HRB 34001.</copyright>

	<license>Eclipse Public License v1.0

Copyright (c) 2006-2012
Software Technology Group, Dresden University of Technology
DevBoost GmbH, Dresden, Amtsgericht Dresden, HRB 34001.

All rights reserved. This program and the accompanying materials are made available under the terms of the Eclipse Public License v1.0 which accompanies this distribution, and is available at http://www.eclipse.org/legal/epl-v10.html

Contributors:
  Software Technology Group - TU Dresden, Germany;
  DevBoost GmbH - Dresden, Germany
     - initial API and implementation
 </license>
   
   <requires>
      <import feature="org.eclipse.emf"/>
   </requires>

   <plugin download-size="0" id="org.emftext.commons.layout" install-size="0" unpack="false" version="1.4.2.v201910170330"/>
   <plugin download-size="0" id="org.emftext.commons.layout.edit" install-size="0" unpack="false" version="1.4.2.v201910170330"/>
         

</feature>
